[
  {
    "id": 3,
    "version": 0,
    "username": "useradmin",
    "password": null,
    "firstName": "admin",
    "lastName": "admin",
    "mail": "admin@suedleasing.com",
    "phone": null,
    "calculationAllowed": false,
    "changeDataAllowed": false,
    "expired": false,
    "locked": false,
    "company": null,
    "roles": [
      "Useradmin"
    ]
  },
  {
    "id": 4,
    "version": 0,
    "username": "techadmin",
    "password": null,
    "firstName": "techadmin",
    "lastName": "techadmin",
    "mail": "techadmin@suedleasing.com",
    "phone": null,
    "calculationAllowed": false,
    "changeDataAllowed": false,
    "expired": false,
    "locked": false,
    "company": null,
    "roles": [
      "Techadmin"
    ]
  },
  {
    "id": 5,
    "version": 0,
    "username": "superadmin",
    "password": null,
    "firstName": "superadmin",
    "lastName": "superadmin",
    "mail": "superadmin@suedleasing.com",
    "phone": null,
    "calculationAllowed": false,
    "changeDataAllowed": false,
    "expired": false,
    "locked": false,
    "company": {
      "id": 2,
      "version": 0,
      "companyId": "2",
      "name": "Company:2",
      "legalForm": "GMBH",
      "address": {
        "street": "Pariser Platz",
        "city": "City 2",
        "zip": null
      },
      "iban": "DE 1234 5678 0000 0000 1111",
      "ibanValidFrom": 1420066800000,
      "contracts": []
    },
    "roles": [
      "Useradmin",
      "Techadmin",
      "Fachadmin"
    ]
  },
  {
    "id": 6,
    "version": 4,
    "username": "user",
    "password": null,
    "firstName": "user",
    "lastName": "user",
    "mail": "user@suedleasing.de",
    "phone": "0123456",
    "calculationAllowed": false,
    "changeDataAllowed": false,
    "expired": false,
    "locked": false,
    "company": {
      "id": 1,
      "version": 0,
      "companyId": "1",
      "name": "Coole Firma",
      "legalForm": "GMBH",
      "address": {
        "street": "Strasse 123",
        "city": "Ort",
        "zip": "12345"
      },
      "iban": "DE 1234 5678 0000 0000 0000",
      "ibanValidFrom": 1420066800000,
      "contracts": []
    },
    "roles": [
      "User"
    ]
  },
  {
    "id": 7,
    "version": 0,
    "username": "expired",
    "password": null,
    "firstName": "expired",
    "lastName": "expired",
    "mail": "expired@suedleasing.com",
    "phone": null,
    "calculationAllowed": false,
    "changeDataAllowed": false,
    "expired": true,
    "locked": false,
    "company": null,
    "roles": [
      "User"
    ]
  },
  {
    "id": 8,
    "version": 0,
    "username": "locked",
    "password": null,
    "firstName": "locked",
    "lastName": "locked",
    "mail": "locked@suedleasing.com",
    "phone": null,
    "calculationAllowed": false,
    "changeDataAllowed": false,
    "expired": false,
    "locked": true,
    "company": null,
    "roles": [
      "User"
    ]
  },
  {
    "id": 9,
    "version": 0,
    "username": "disabled",
    "password": null,
    "firstName": "disabled",
    "lastName": "disabled",
    "mail": "disabled@suedleasing.com",
    "phone": null,
    "calculationAllowed": false,
    "changeDataAllowed": false,
    "expired": false,
    "locked": false,
    "company": null,
    "roles": [
      "User"
    ]
  },
  {
    "id": 29658,
    "version": 6,
    "username": "C_1002",
    "password": null,
    "firstName": "Stephan",
    "lastName": "Schuster",
    "mail": "stephan.schuster@suedleasing.de",
    "phone": "0123456789",
    "calculationAllowed": false,
    "changeDataAllowed": false,
    "expired": false,
    "locked": false,
    "company": {
      "id": 2949,
      "version": 0,
      "companyId": "C_1002",
      "name": "Company_1002",
      "legalForm": "AG",
      "address": {
        "street": "Pariser Platz",
        "city": "Stuttgart",
        "zip": "10002"
      },
      "iban": "DE 1234 5678 0000 0000 1111",
      "ibanValidFrom": 1420066800000,
      "contracts": []
    },
    "roles": [
      "User"
    ]
  }
]